{"cameraMode":{"drawMode":0,"name":"Shaded","section":"Shading Mode"},"sceneLighting":false,"audioPlay":false,"sceneViewState":{"showFog":true,"showMaterialUpdate":false,"showSkybox":true,"showFlares":true,"showImageEffects":true,"showParticleSystems":true},"in2DMode":false,"pivot":{"x":1.0435515642166138,"y":1.790242314338684,"z":0.14035087823867799},"rotation":{"x":-0.06960523873567581,"y":0.8731862902641296,"z":-0.13090622425079347,"w":-0.46428918838500979},"size":18.795148849487306,"orthographic":true}